Numeric,Numeric 2,Numeric 3,Numeric 4,Numeric 10
6.000000,45.300000,9.000000,-5.000000,0.000000