Numeric,Numeric 2,Numeric 3,Numeric 4,Numeric 10
	0.000000,0.000000,0.000000,0.000000,0.000000

